"Id","Label","Type","Party","Category"
"Lisa Nandy","Lisa Nandy","member","Labour","Labour"
"Teresa Pearce","Teresa Pearce","member","Labour","Labour"
"Mike Amesbury","Mike Amesbury","member","Labour","Labour"
"Tonia Antoniazzi","Tonia Antoniazzi","member","Labour","Labour"
"Jonathan Ashworth","Jonathan Ashworth","member","Labour (Co-op)","Labour (Co-op)"
"Mr Adrian Bailey","Mr Adrian Bailey","member","Labour (Co-op)","Labour (Co-op)"
"Hannah Bardell","Hannah Bardell","member","Scottish National Party","Scottish National Party"
"Guto Bebb","Guto Bebb","member","Conservative","Conservative"
"Margaret Beckett","Margaret Beckett","member","Labour","Labour"
"Hilary Benn","Hilary Benn","member","Labour","Labour"
"Luciana Berger","Luciana Berger","member","Labour (Co-op)","Labour (Co-op)"
"Mr Clive Betts","Mr Clive Betts","member","Labour","Labour"
"Matthew Pennycook","Matthew Pennycook","member","Labour","Labour"
"Mhairi Black","Mhairi Black","member","Scottish National Party","Scottish National Party"
"Ian Blackford","Ian Blackford","member","Scottish National Party","Scottish National Party"
"Kirsty Blackman","Kirsty Blackman","member","Scottish National Party","Scottish National Party"
"Dr Roberta Blackman-Woods","Dr Roberta Blackman-Woods","member","Labour","Labour"
"Paul Blomfield","Paul Blomfield","member","Labour","Labour"
"Nick Boles","Nick Boles","member","Conservative","Conservative"
"Tracy Brabin","Tracy Brabin","member","Labour (Co-op)","Labour (Co-op)"
"Mr Ben Bradshaw","Mr Ben Bradshaw","member","Labour","Labour"
"Tom Brake","Tom Brake","member","Liberal Democrat","Liberal Democrat"
"Kevin Brennan","Kevin Brennan","member","Labour","Labour"
"Toby Perkins","Toby Perkins","member","Labour","Labour"
"Deidre Brock","Deidre Brock","member","Scottish National Party","Scottish National Party"
"Alan Brown","Alan Brown","member","Scottish National Party","Scottish National Party"
"Lyn Brown","Lyn Brown","member","Labour","Labour"
"Mr Nicholas Brown","Mr Nicholas Brown","member","Labour","Labour"
"Chris Bryant","Chris Bryant","member","Labour","Labour"
"Ms Karen Buck","Ms Karen Buck","member","Labour","Labour"
"Richard Burden","Richard Burden","member","Labour","Labour"
"Richard Burgon","Richard Burgon","member","Labour","Labour"
"Dawn Butler","Dawn Butler","member","Labour","Labour"
"Liam Byrne","Liam Byrne","member","Labour","Labour"
"Jess Phillips","Jess Phillips","member","Labour","Labour"
"Sir Vince Cable","Sir Vince Cable","member","Liberal Democrat","Liberal Democrat"
"Ruth Cadbury","Ruth Cadbury","member","Labour","Labour"
"Dr Lisa Cameron","Dr Lisa Cameron","member","Scottish National Party","Scottish National Party"
"Sir Alan Campbell","Sir Alan Campbell","member","Labour","Labour"
"Dan Carden","Dan Carden","member","Labour","Labour"
"Mr Alistair Carmichael","Mr Alistair Carmichael","member","Liberal Democrat","Liberal Democrat"
"Sarah Champion","Sarah Champion","member","Labour","Labour"
"Douglas Chapman","Douglas Chapman","member","Scottish National Party","Scottish National Party"
"Jenny Chapman","Jenny Chapman","member","Labour","Labour"
"Bambos Charalambous","Bambos Charalambous","member","Labour","Labour"
"Bridget Phillipson","Bridget Phillipson","member","Labour","Labour"
"Joanna Cherry","Joanna Cherry","member","Scottish National Party","Scottish National Party"
"Mr Kenneth Clarke","Mr Kenneth Clarke","member","Conservative","Conservative"
"Ann Clwyd","Ann Clwyd","member","Labour","Labour"
"Vernon Coaker","Vernon Coaker","member","Labour","Labour"
"Ann Coffey","Ann Coffey","member","Labour","Labour"
"Julie Cooper","Julie Cooper","member","Labour","Labour"
"Yvette Cooper","Yvette Cooper","member","Labour","Labour"
"Jeremy Corbyn","Jeremy Corbyn","member","Labour","Labour"
"Ronnie Cowan","Ronnie Cowan","member","Scottish National Party","Scottish National Party"
"Neil Coyle","Neil Coyle","member","Labour","Labour"
"Laura Pidcock","Laura Pidcock","member","Labour","Labour"
"Sir David Crausby","Sir David Crausby","member","Labour","Labour"
"Angela Crawley","Angela Crawley","member","Scottish National Party","Scottish National Party"
"Mary Creagh","Mary Creagh","member","Labour","Labour"
"Stella Creasy","Stella Creasy","member","Labour (Co-op)","Labour (Co-op)"
"Jon Cruddas","Jon Cruddas","member","Labour","Labour"
"John Cryer","John Cryer","member","Labour","Labour"
"Judith Cummins","Judith Cummins","member","Labour","Labour"
"Alex Cunningham","Alex Cunningham","member","Labour","Labour"
"Mr Jim Cunningham","Mr Jim Cunningham","member","Labour","Labour"
"Nic Dakin","Nic Dakin","member","Labour","Labour"
"Jo Platt","Jo Platt","member","Labour (Co-op)","Labour (Co-op)"
"Sir Edward Davey","Sir Edward Davey","member","Liberal Democrat","Liberal Democrat"
"Wayne David","Wayne David","member","Labour","Labour"
"Geraint Davies","Geraint Davies","member","Labour (Co-op)","Labour (Co-op)"
"Martyn Day","Martyn Day","member","Scottish National Party","Scottish National Party"
"Marsha De Cordova","Marsha De Cordova","member","Labour","Labour"
"Gloria De Piero","Gloria De Piero","member","Labour","Labour"
"Thangam Debbonaire","Thangam Debbonaire","member","Labour","Labour"
"Emma Dent Coad","Emma Dent Coad","member","Labour","Labour"
"Mr Tanmanjeet Singh Dhesi","Mr Tanmanjeet Singh Dhesi","member","Labour","Labour"
"Mr Jonathan Djanogly","Mr Jonathan Djanogly","member","Conservative","Conservative"
"Luke Pollard","Luke Pollard","member","Labour (Co-op)","Labour (Co-op)"
"Martin Docherty-Hughes","Martin Docherty-Hughes","member","Scottish National Party","Scottish National Party"
"Anneliese Dodds","Anneliese Dodds","member","Labour (Co-op)","Labour (Co-op)"
"Stephen Doughty","Stephen Doughty","member","Labour (Co-op)","Labour (Co-op)"
"Peter Dowd","Peter Dowd","member","Labour","Labour"
"Dr David Drew","Dr David Drew","member","Labour (Co-op)","Labour (Co-op)"
"Jack Dromey","Jack Dromey","member","Labour","Labour"
"Rosie Duffield","Rosie Duffield","member","Labour","Labour"
"Maria Eagle","Maria Eagle","member","Labour","Labour"
"Ms Angela Eagle","Ms Angela Eagle","member","Labour","Labour"
"Jonathan Edwards","Jonathan Edwards","member","Plaid Cymru","Plaid Cymru"
"Stephen Pound","Stephen Pound","member","Labour","Labour"
"Clive Efford","Clive Efford","member","Labour","Labour"
"Julie Elliott","Julie Elliott","member","Labour","Labour"
"Dame Louise Ellman","Dame Louise Ellman","member","Labour (Co-op)","Labour (Co-op)"
"Chris Elmore","Chris Elmore","member","Labour","Labour"
"Bill Esterson","Bill Esterson","member","Labour","Labour"
"Chris Evans","Chris Evans","member","Labour (Co-op)","Labour (Co-op)"
"Paul Farrelly","Paul Farrelly","member","Labour","Labour"
"Tim Farron","Tim Farron","member","Liberal Democrat","Liberal Democrat"
"Marion Fellows","Marion Fellows","member","Scottish National Party","Scottish National Party"
"Jim Fitzpatrick","Jim Fitzpatrick","member","Labour","Labour"
"Lucy Powell","Lucy Powell","member","Labour (Co-op)","Labour (Co-op)"
"Colleen Fletcher","Colleen Fletcher","member","Labour","Labour"
"Yvonne Fovargue","Yvonne Fovargue","member","Labour","Labour"
"Vicky Foxcroft","Vicky Foxcroft","member","Labour","Labour"
"George Freeman","George Freeman","member","Conservative","Conservative"
"James Frith","James Frith","member","Labour","Labour"
"Gill Furniss","Gill Furniss","member","Labour","Labour"
"Hugh Gaffney","Hugh Gaffney","member","Labour","Labour"
"Mike Gapes","Mike Gapes","member","Labour (Co-op)","Labour (Co-op)"
"Barry Gardiner","Barry Gardiner","member","Labour","Labour"
"Ruth George","Ruth George","member","Labour","Labour"
"Gavin Newlands","Gavin Newlands","member","Scottish National Party","Scottish National Party"
"Yasmin Qureshi","Yasmin Qureshi","member","Labour","Labour"
"Stephen Gethins","Stephen Gethins","member","Scottish National Party","Scottish National Party"
"Patricia Gibson","Patricia Gibson","member","Scottish National Party","Scottish National Party"
"Preet Kaur Gill","Preet Kaur Gill","member","Labour (Co-op)","Labour (Co-op)"
"Mary Glindon","Mary Glindon","member","Labour","Labour"
"Mr Roger Godsiff","Mr Roger Godsiff","member","Labour","Labour"
"Helen Goodman","Helen Goodman","member","Labour","Labour"
"Patrick Grady","Patrick Grady","member","Scottish National Party","Scottish National Party"
"Peter Grant","Peter Grant","member","Scottish National Party","Scottish National Party"
"Neil Gray","Neil Gray","member","Scottish National Party","Scottish National Party"
"Kate Green","Kate Green","member","Labour","Labour"
"Faisal Rashid","Faisal Rashid","member","Labour","Labour"
"Justine Greening","Justine Greening","member","Conservative","Conservative"
"Lilian Greenwood","Lilian Greenwood","member","Labour","Labour"
"Margaret Greenwood","Margaret Greenwood","member","Labour","Labour"
"Mr Dominic Grieve","Mr Dominic Grieve","member","Conservative","Conservative"
"Nia Griffith","Nia Griffith","member","Labour","Labour"
"John Grogan","John Grogan","member","Labour","Labour"
"Andrew Gwynne","Andrew Gwynne","member","Labour","Labour"
"Mr Sam Gyimah","Mr Sam Gyimah","member","Conservative","Conservative"
"Louise Haigh","Louise Haigh","member","Labour","Labour"
"Fabian Hamilton","Fabian Hamilton","member","Labour","Labour"
"Angela Rayner","Angela Rayner","member","Labour","Labour"
"David Hanson","David Hanson","member","Labour","Labour"
"Emma Hardy","Emma Hardy","member","Labour","Labour"
"Ms Harriet Harman","Ms Harriet Harman","member","Labour","Labour"
"Richard Harrington","Richard Harrington","member","Conservative","Conservative"
"Carolyn Harris","Carolyn Harris","member","Labour","Labour"
"Helen Hayes","Helen Hayes","member","Labour","Labour"
"Sue Hayman","Sue Hayman","member","Labour","Labour"
"John Healey","John Healey","member","Labour","Labour"
"Sir Mark Hendrick","Sir Mark Hendrick","member","Labour (Co-op)","Labour (Co-op)"
"Drew Hendry","Drew Hendry","member","Scottish National Party","Scottish National Party"
"Mr Steve Reed","Mr Steve Reed","member","Labour (Co-op)","Labour (Co-op)"
"Lady Hermon","Lady Hermon","member","Independent","Independent"
"Mike Hill","Mike Hill","member","Labour","Labour"
"Meg Hillier","Meg Hillier","member","Labour (Co-op)","Labour (Co-op)"
"Wera Hobhouse","Wera Hobhouse","member","Liberal Democrat","Liberal Democrat"
"Dame Margaret Hodge","Dame Margaret Hodge","member","Labour","Labour"
"Mrs Sharon Hodgson","Mrs Sharon Hodgson","member","Labour","Labour"
"Kate Hollern","Kate Hollern","member","Labour","Labour"
"Stewart Hosie","Stewart Hosie","member","Scottish National Party","Scottish National Party"
"Mr George Howarth","Mr George Howarth","member","Labour","Labour"
"Dr Rupa Huq","Dr Rupa Huq","member","Labour","Labour"
"Christina Rees","Christina Rees","member","Labour (Co-op)","Labour (Co-op)"
"Imran Hussain","Imran Hussain","member","Labour","Labour"
"Christine Jardine","Christine Jardine","member","Liberal Democrat","Liberal Democrat"
"Dan Jarvis","Dan Jarvis","member","Labour","Labour"
"Diana Johnson","Diana Johnson","member","Labour","Labour"
"Darren Jones","Darren Jones","member","Labour","Labour"
"Gerald Jones","Gerald Jones","member","Labour","Labour"
"Graham P Jones","Graham P Jones","member","Labour","Labour"
"Helen Jones","Helen Jones","member","Labour","Labour"
"Mr Kevan Jones","Mr Kevan Jones","member","Labour","Labour"
"Sarah Jones","Sarah Jones","member","Labour","Labour"
"Ellie Reeves","Ellie Reeves","member","Labour","Labour"
"Susan Elan Jones","Susan Elan Jones","member","Labour","Labour"
"Mike Kane","Mike Kane","member","Labour","Labour"
"Barbara Keeley","Barbara Keeley","member","Labour","Labour"
"Liz Kendall","Liz Kendall","member","Labour","Labour"
"Afzal Khan","Afzal Khan","member","Labour","Labour"
"Ged Killen","Ged Killen","member","Labour (Co-op)","Labour (Co-op)"
"Stephen Kinnock","Stephen Kinnock","member","Labour","Labour"
"Peter Kyle","Peter Kyle","member","Labour","Labour"
"Lesley Laird","Lesley Laird","member","Labour","Labour"
"Ben Lake","Ben Lake","member","Plaid Cymru","Plaid Cymru"
"Rachel Reeves","Rachel Reeves","member","Labour","Labour"
"Norman Lamb","Norman Lamb","member","Liberal Democrat","Liberal Democrat"
"Mr David Lammy","Mr David Lammy","member","Labour","Labour"
"Ian Lavery","Ian Lavery","member","Labour","Labour"
"Chris Law","Chris Law","member","Scottish National Party","Scottish National Party"
"Dr Phillip Lee","Dr Phillip Lee","member","Conservative","Conservative"
"Karen Lee","Karen Lee","member","Labour","Labour"
"Mr Chris Leslie","Mr Chris Leslie","member","Labour (Co-op)","Labour (Co-op)"
"Sir Oliver Letwin","Sir Oliver Letwin","member","Conservative","Conservative"
"Mrs Emma Lewell-Buck","Mrs Emma Lewell-Buck","member","Labour","Labour"
"Clive Lewis","Clive Lewis","member","Labour","Labour"
"Emma Reynolds","Emma Reynolds","member","Labour","Labour"
"Mr Ivan Lewis","Mr Ivan Lewis","member","Independent","Independent"
"David Linden","David Linden","member","Scottish National Party","Scottish National Party"
"Stephen Lloyd","Stephen Lloyd","member","Independent","Independent"
"Tony Lloyd","Tony Lloyd","member","Labour","Labour"
"Rebecca Long Bailey","Rebecca Long Bailey","member","Labour","Labour"
"Caroline Lucas","Caroline Lucas","member","Green Party","Green Party"
"Ian C. Lucas","Ian C. Lucas","member","Labour","Labour"
"Holly Lynch","Holly Lynch","member","Labour","Labour"
"Angus Brendan MacNeil","Angus Brendan MacNeil","member","Scottish National Party","Scottish National Party"
"Justin Madders","Justin Madders","member","Labour","Labour"
"Jonathan Reynolds","Jonathan Reynolds","member","Labour (Co-op)","Labour (Co-op)"
"Mr Khalid Mahmood","Mr Khalid Mahmood","member","Labour","Labour"
"Shabana Mahmood","Shabana Mahmood","member","Labour","Labour"
"Seema Malhotra","Seema Malhotra","member","Labour (Co-op)","Labour (Co-op)"
"Gordon Marsden","Gordon Marsden","member","Labour","Labour"
"Sandy Martin","Sandy Martin","member","Labour","Labour"
"Rachael Maskell","Rachael Maskell","member","Labour (Co-op)","Labour (Co-op)"
"Christian Matheson","Christian Matheson","member","Labour","Labour"
"Steve McCabe","Steve McCabe","member","Labour","Labour"
"Kerry McCarthy","Kerry McCarthy","member","Labour","Labour"
"Siobhain McDonagh","Siobhain McDonagh","member","Labour","Labour"
"Ms Marie Rimmer","Ms Marie Rimmer","member","Labour","Labour"
"Andy McDonald","Andy McDonald","member","Labour","Labour"
"Stewart Malcolm McDonald","Stewart Malcolm McDonald","member","Scottish National Party","Scottish National Party"
"Stuart C. McDonald","Stuart C. McDonald","member","Scottish National Party","Scottish National Party"
"Mr Pat McFadden","Mr Pat McFadden","member","Labour","Labour"
"Conor McGinn","Conor McGinn","member","Labour","Labour"
"Alison McGovern","Alison McGovern","member","Labour","Labour"
"Liz McInnes","Liz McInnes","member","Labour","Labour"
"Catherine McKinnell","Catherine McKinnell","member","Labour","Labour"
"Jim McMahon","Jim McMahon","member","Labour (Co-op)","Labour (Co-op)"
"Anna McMorrin","Anna McMorrin","member","Labour","Labour"
"Alex Norris","Alex Norris","member","Labour (Co-op)","Labour (Co-op)"
"Mr Geoffrey Robinson","Mr Geoffrey Robinson","member","Labour","Labour"
"John McNally","John McNally","member","Scottish National Party","Scottish National Party"
"Ian Mearns","Ian Mearns","member","Labour","Labour"
"Edward Miliband","Edward Miliband","member","Labour","Labour"
"Carol Monaghan","Carol Monaghan","member","Scottish National Party","Scottish National Party"
"Mrs Madeleine Moon","Mrs Madeleine Moon","member","Labour","Labour"
"Layla Moran","Layla Moran","member","Liberal Democrat","Liberal Democrat"
"Jessica Morden","Jessica Morden","member","Labour","Labour"
"Nicky Morgan","Nicky Morgan","member","Conservative","Conservative"
"Stephen Morgan","Stephen Morgan","member","Labour","Labour"
"Grahame Morris","Grahame Morris","member","Labour","Labour"
"Matt Rodda","Matt Rodda","member","Labour","Labour"
"Ian Murray","Ian Murray","member","Labour","Labour"
"Sarah Newton","Sarah Newton","member","Conservative","Conservative"
"Caroline Nokes","Caroline Nokes","member","Conservative","Conservative"
"Jesse Norman","Jesse Norman","member","Conservative","Conservative"
"Neil O'Brien","Neil O'Brien","member","Conservative","Conservative"
"Dr Matthew Offord","Dr Matthew Offord","member","Conservative","Conservative"
"Guy Opperman","Guy Opperman","member","Conservative","Conservative"
"Ian Paisley","Ian Paisley","member","Democratic Unionist Party","Democratic Unionist Party"
"Neil Parish","Neil Parish","member","Conservative","Conservative"
"Priti Patel","Priti Patel","member","Conservative","Conservative"
"Danielle Rowley","Danielle Rowley","member","Labour","Labour"
"Mr Owen Paterson","Mr Owen Paterson","member","Conservative","Conservative"
"Mark Pawsey","Mark Pawsey","member","Conservative","Conservative"
"Sir Mike Penning","Sir Mike Penning","member","Conservative","Conservative"
"John Penrose","John Penrose","member","Conservative","Conservative"
"Andrew Percy","Andrew Percy","member","Conservative","Conservative"
"Claire Perry","Claire Perry","member","Conservative","Conservative"
"Chris Philp","Chris Philp","member","Conservative","Conservative"
"Christopher Pincher","Christopher Pincher","member","Conservative","Conservative"
"Dr Dan Poulter","Dr Dan Poulter","member","Conservative","Conservative"
"Rebecca Pow","Rebecca Pow","member","Conservative","Conservative"
"Chris Ruane","Chris Ruane","member","Labour","Labour"
"Victoria Prentis","Victoria Prentis","member","Conservative","Conservative"
"Mr Mark Prisk","Mr Mark Prisk","member","Conservative","Conservative"
"Mark Pritchard","Mark Pritchard","member","Conservative","Conservative"
"Tom Pursglove","Tom Pursglove","member","Conservative","Conservative"
"Jeremy Quin","Jeremy Quin","member","Conservative","Conservative"
"Will Quince","Will Quince","member","Conservative","Conservative"
"Dominic Raab","Dominic Raab","member","Conservative","Conservative"
"John Redwood","John Redwood","member","Conservative","Conservative"
"Mr Jacob Rees-Mogg","Mr Jacob Rees-Mogg","member","Conservative","Conservative"
"Mr Laurence Robertson","Mr Laurence Robertson","member","Conservative","Conservative"
"Lloyd Russell-Moyle","Lloyd Russell-Moyle","member","Labour (Co-op)","Labour (Co-op)"
"Gavin Robinson","Gavin Robinson","member","Democratic Unionist Party","Democratic Unionist Party"
"Mary Robinson","Mary Robinson","member","Conservative","Conservative"
"Andrew Rosindell","Andrew Rosindell","member","Conservative","Conservative"
"Douglas Ross","Douglas Ross","member","Conservative","Conservative"
"Lee Rowley","Lee Rowley","member","Conservative","Conservative"
"Amber Rudd","Amber Rudd","member","Conservative","Conservative"
"David Rutley","David Rutley","member","Conservative","Conservative"
"Paul Scully","Paul Scully","member","Conservative","Conservative"
"Mr Bob Seely","Mr Bob Seely","member","Conservative","Conservative"
"Andrew Selous","Andrew Selous","member","Conservative","Conservative"
"Joan Ryan","Joan Ryan","member","Labour","Labour"
"Jim Shannon","Jim Shannon","member","Democratic Unionist Party","Democratic Unionist Party"
"Grant Shapps","Grant Shapps","member","Conservative","Conservative"
"Alok Sharma","Alok Sharma","member","Conservative","Conservative"
"Alec Shelbrooke","Alec Shelbrooke","member","Conservative","Conservative"
"David Simpson","David Simpson","member","Democratic Unionist Party","Democratic Unionist Party"
"Mr Keith Simpson","Mr Keith Simpson","member","Conservative","Conservative"
"Chris Skidmore","Chris Skidmore","member","Conservative","Conservative"
"Chloe Smith","Chloe Smith","member","Conservative","Conservative"
"Henry Smith","Henry Smith","member","Conservative","Conservative"
"Julian Smith","Julian Smith","member","Conservative","Conservative"
"Antoinette Sandbach","Antoinette Sandbach","member","Conservative","Conservative"
"Royston Smith","Royston Smith","member","Conservative","Conservative"
"Gareth Snell","Gareth Snell","member","Labour (Co-op)","Labour (Co-op)"
"Sir Nicholas Soames","Sir Nicholas Soames","member","Conservative","Conservative"
"Mark Spencer","Mark Spencer","member","Conservative","Conservative"
"Andrew Stephenson","Andrew Stephenson","member","Conservative","Conservative"
"Bob Stewart","Bob Stewart","member","Conservative","Conservative"
"Iain Stewart","Iain Stewart","member","Conservative","Conservative"
"Rory Stewart","Rory Stewart","member","Conservative","Conservative"
"Sir Gary Streeter","Sir Gary Streeter","member","Conservative","Conservative"
"Mel Stride","Mel Stride","member","Conservative","Conservative"
"Liz Saville Roberts","Liz Saville Roberts","member","Plaid Cymru","Plaid Cymru"
"Graham Stringer","Graham Stringer","member","Labour","Labour"
"Graham Stuart","Graham Stuart","member","Conservative","Conservative"
"Julian Sturdy","Julian Sturdy","member","Conservative","Conservative"
"Rishi Sunak","Rishi Sunak","member","Conservative","Conservative"
"Sir Desmond Swayne","Sir Desmond Swayne","member","Conservative","Conservative"
"Sir Hugo Swire","Sir Hugo Swire","member","Conservative","Conservative"
"Sir Robert Syms","Sir Robert Syms","member","Conservative","Conservative"
"Derek Thomas","Derek Thomas","member","Conservative","Conservative"
"Ross Thomson","Ross Thomson","member","Conservative","Conservative"
"Maggie Throup","Maggie Throup","member","Conservative","Conservative"
"Naz Shah","Naz Shah","member","Labour","Labour"
"Kelly Tolhurst","Kelly Tolhurst","member","Conservative","Conservative"
"Justin Tomlinson","Justin Tomlinson","member","Conservative","Conservative"
"Michael Tomlinson","Michael Tomlinson","member","Conservative","Conservative"
"Craig Tracey","Craig Tracey","member","Conservative","Conservative"
"David Tredinnick","David Tredinnick","member","Conservative","Conservative"
"Anne-Marie Trevelyan","Anne-Marie Trevelyan","member","Conservative","Conservative"
"Elizabeth Truss","Elizabeth Truss","member","Conservative","Conservative"
"Tom Tugendhat","Tom Tugendhat","member","Conservative","Conservative"
"Mr Shailesh Vara","Mr Shailesh Vara","member","Conservative","Conservative"
"Martin Vickers","Martin Vickers","member","Conservative","Conservative"
"Mr Virendra Sharma","Mr Virendra Sharma","member","Labour","Labour"
"Theresa Villiers","Theresa Villiers","member","Conservative","Conservative"
"Mr Charles Walker","Mr Charles Walker","member","Conservative","Conservative"
"Mr Robin Walker","Mr Robin Walker","member","Conservative","Conservative"
"Mr Ben Wallace","Mr Ben Wallace","member","Conservative","Conservative"
"David Warburton","David Warburton","member","Conservative","Conservative"
"Matt Warman","Matt Warman","member","Conservative","Conservative"
"Giles Watling","Giles Watling","member","Conservative","Conservative"
"Helen Whately","Helen Whately","member","Conservative","Conservative"
"Mrs Heather Wheeler","Mrs Heather Wheeler","member","Conservative","Conservative"
"Craig Whittaker","Craig Whittaker","member","Conservative","Conservative"
"Brendan O'Hara","Brendan O'Hara","member","Scottish National Party","Scottish National Party"
"Mr Barry Sheerman","Mr Barry Sheerman","member","Labour (Co-op)","Labour (Co-op)"
"Mr John Whittingdale","Mr John Whittingdale","member","Conservative","Conservative"
"Bill Wiggin","Bill Wiggin","member","Conservative","Conservative"
"Gavin Williamson","Gavin Williamson","member","Conservative","Conservative"
"Sammy Wilson","Sammy Wilson","member","Democratic Unionist Party","Democratic Unionist Party"
"Mike Wood","Mike Wood","member","Conservative","Conservative"
"Mr William Wragg","Mr William Wragg","member","Conservative","Conservative"
"Jeremy Wright","Jeremy Wright","member","Conservative","Conservative"
"Kirstene Hair","Kirstene Hair","member","Conservative","Conservative"
"Robert Halfon","Robert Halfon","member","Conservative","Conservative"
"Luke Hall","Luke Hall","member","Conservative","Conservative"
"Tommy Sheppard","Tommy Sheppard","member","Scottish National Party","Scottish National Party"
"Mr Philip Hammond","Mr Philip Hammond","member","Conservative","Conservative"
"Stephen Hammond","Stephen Hammond","member","Conservative","Conservative"
"Matt Hancock","Matt Hancock","member","Conservative","Conservative"
"Greg Hands","Greg Hands","member","Conservative","Conservative"
"Mr Mark Harper","Mr Mark Harper","member","Conservative","Conservative"
"Trudy Harrison","Trudy Harrison","member","Conservative","Conservative"
"Simon Hart","Simon Hart","member","Conservative","Conservative"
"Sir John Hayes","Sir John Hayes","member","Conservative","Conservative"
"Sir Oliver Heald","Sir Oliver Heald","member","Conservative","Conservative"
"James Heappey","James Heappey","member","Conservative","Conservative"
"Paula Sherriff","Paula Sherriff","member","Labour","Labour"
"Chris Heaton-Harris","Chris Heaton-Harris","member","Conservative","Conservative"
"Peter Heaton-Jones","Peter Heaton-Jones","member","Conservative","Conservative"
"Gordon Henderson","Gordon Henderson","member","Conservative","Conservative"
"Mr Stephen Hepburn","Mr Stephen Hepburn","member","Labour","Labour"
"Nick Herbert","Nick Herbert","member","Conservative","Conservative"
"Mr Damian Hinds","Mr Damian Hinds","member","Conservative","Conservative"
"Simon Hoare","Simon Hoare","member","Conservative","Conservative"
"Kate Hoey","Kate Hoey","member","Labour","Labour"
"George Hollingbery","George Hollingbery","member","Conservative","Conservative"
"Kevin Hollinrake","Kevin Hollinrake","member","Conservative","Conservative"
"Mr Gavin Shuker","Mr Gavin Shuker","member","Labour (Co-op)","Labour (Co-op)"
"Mr Philip Hollobone","Mr Philip Hollobone","member","Conservative","Conservative"
"Adam Holloway","Adam Holloway","member","Conservative","Conservative"
"John Howell","John Howell","member","Conservative","Conservative"
"Nigel Huddleston","Nigel Huddleston","member","Conservative","Conservative"
"Eddie Hughes","Eddie Hughes","member","Conservative","Conservative"
"Mr Jeremy Hunt","Mr Jeremy Hunt","member","Conservative","Conservative"
"Mr Nick Hurd","Mr Nick Hurd","member","Conservative","Conservative"
"Mr Alister Jack","Mr Alister Jack","member","Conservative","Conservative"
"Margot James","Margot James","member","Conservative","Conservative"
"Sajid Javid","Sajid Javid","member","Conservative","Conservative"
"Tulip Siddiq","Tulip Siddiq","member","Labour","Labour"
"Mr Ranil Jayawardena","Mr Ranil Jayawardena","member","Conservative","Conservative"
"Sir Bernard Jenkin","Sir Bernard Jenkin","member","Conservative","Conservative"
"Andrea Jenkyns","Andrea Jenkyns","member","Conservative","Conservative"
"Robert Jenrick","Robert Jenrick","member","Conservative","Conservative"
"Boris Johnson","Boris Johnson","member","Conservative","Conservative"
"Dr Caroline Johnson","Dr Caroline Johnson","member","Conservative","Conservative"
"Gareth Johnson","Gareth Johnson","member","Conservative","Conservative"
"Andrew Jones","Andrew Jones","member","Conservative","Conservative"
"Mr David Jones","Mr David Jones","member","Conservative","Conservative"
"Mr Marcus Jones","Mr Marcus Jones","member","Conservative","Conservative"
"Mr Dennis Skinner","Mr Dennis Skinner","member","Labour","Labour"
"Daniel Kawczynski","Daniel Kawczynski","member","Conservative","Conservative"
"Gillian Keegan","Gillian Keegan","member","Conservative","Conservative"
"Seema Kennedy","Seema Kennedy","member","Conservative","Conservative"
"Stephen Kerr","Stephen Kerr","member","Conservative","Conservative"
"Julian Knight","Julian Knight","member","Conservative","Conservative"
"Sir Greg Knight","Sir Greg Knight","member","Conservative","Conservative"
"Kwasi Kwarteng","Kwasi Kwarteng","member","Conservative","Conservative"
"John Lamont","John Lamont","member","Conservative","Conservative"
"Mark Lancaster","Mark Lancaster","member","Conservative","Conservative"
"Mrs Pauline Latham","Mrs Pauline Latham","member","Conservative","Conservative"
"Andy Slaughter","Andy Slaughter","member","Labour","Labour"
"Andrea Leadsom","Andrea Leadsom","member","Conservative","Conservative"
"Jeremy Lefroy","Jeremy Lefroy","member","Conservative","Conservative"
"Sir Edward Leigh","Sir Edward Leigh","member","Conservative","Conservative"
"Andrew Lewer","Andrew Lewer","member","Conservative","Conservative"
"Brandon Lewis","Brandon Lewis","member","Conservative","Conservative"
"Dr Julian Lewis","Dr Julian Lewis","member","Conservative","Conservative"
"Mr Ian Liddell-Grainger","Mr Ian Liddell-Grainger","member","Conservative","Conservative"
"Mr David Lidington","Mr David Lidington","member","Conservative","Conservative"
"Emma Little Pengelly","Emma Little Pengelly","member","Democratic Unionist Party","Democratic Unionist Party"
"Julia Lopez","Julia Lopez","member","Conservative","Conservative"
"Ruth Smeeth","Ruth Smeeth","member","Labour","Labour"
"Jack Lopresti","Jack Lopresti","member","Conservative","Conservative"
"Mr Jonathan Lord","Mr Jonathan Lord","member","Conservative","Conservative"
"Tim Loughton","Tim Loughton","member","Conservative","Conservative"
"Craig Mackinlay","Craig Mackinlay","member","Conservative","Conservative"
"Rachel Maclean","Rachel Maclean","member","Conservative","Conservative"
"Mrs Anne Main","Mrs Anne Main","member","Conservative","Conservative"
"Alan Mak","Alan Mak","member","Conservative","Conservative"
"Kit Malthouse","Kit Malthouse","member","Conservative","Conservative"
"John Mann","John Mann","member","Labour","Labour"
"Scott Mann","Scott Mann","member","Conservative","Conservative"
"Angela Smith","Angela Smith","member","Labour","Labour"
"Paul Masterton","Paul Masterton","member","Conservative","Conservative"
"Mrs Theresa May","Mrs Theresa May","member","Conservative","Conservative"
"Paul Maynard","Paul Maynard","member","Conservative","Conservative"
"Sir Patrick McLoughlin","Sir Patrick McLoughlin","member","Conservative","Conservative"
"Stephen McPartland","Stephen McPartland","member","Conservative","Conservative"
"Esther McVey","Esther McVey","member","Conservative","Conservative"
"Mark Menzies","Mark Menzies","member","Conservative","Conservative"
"Johnny Mercer","Johnny Mercer","member","Conservative","Conservative"
"Huw Merriman","Huw Merriman","member","Conservative","Conservative"
"Stephen Metcalfe","Stephen Metcalfe","member","Conservative","Conservative"
"Cat Smith","Cat Smith","member","Labour","Labour"
"Mrs Maria Miller","Mrs Maria Miller","member","Conservative","Conservative"
"Nigel Mills","Nigel Mills","member","Conservative","Conservative"
"Anne Milton","Anne Milton","member","Conservative","Conservative"
"Damien Moore","Damien Moore","member","Conservative","Conservative"
"Penny Mordaunt","Penny Mordaunt","member","Conservative","Conservative"
"Anne Marie Morris","Anne Marie Morris","member","Conservative","Conservative"
"David Morris","David Morris","member","Conservative","Conservative"
"James Morris","James Morris","member","Conservative","Conservative"
"Wendy Morton","Wendy Morton","member","Conservative","Conservative"
"David Mundell","David Mundell","member","Conservative","Conservative"
"Melanie Onn","Melanie Onn","member","Labour","Labour"
"Eleanor Smith","Eleanor Smith","member","Labour","Labour"
"Mrs Sheryll Murray","Mrs Sheryll Murray","member","Conservative","Conservative"
"Dr Andrew Murrison","Dr Andrew Murrison","member","Conservative","Conservative"
"Nigel Adams","Nigel Adams","member","Conservative","Conservative"
"Bim Afolami","Bim Afolami","member","Conservative","Conservative"
"Adam Afriyie","Adam Afriyie","member","Conservative","Conservative"
"Peter Aldous","Peter Aldous","member","Conservative","Conservative"
"Lucy Allan","Lucy Allan","member","Conservative","Conservative"
"Sir David Amess","Sir David Amess","member","Conservative","Conservative"
"Stuart Andrew","Stuart Andrew","member","Conservative","Conservative"
"Edward Argar","Edward Argar","member","Conservative","Conservative"
"Laura Smith","Laura Smith","member","Labour","Labour"
"Victoria Atkins","Victoria Atkins","member","Conservative","Conservative"
"Ian Austin","Ian Austin","member","Labour","Labour"
"Mr Richard Bacon","Mr Richard Bacon","member","Conservative","Conservative"
"Mrs Kemi Badenoch","Mrs Kemi Badenoch","member","Conservative","Conservative"
"Mr Steve Baker","Mr Steve Baker","member","Conservative","Conservative"
"Harriett Baldwin","Harriett Baldwin","member","Conservative","Conservative"
"Stephen Barclay","Stephen Barclay","member","Conservative","Conservative"
"Mr John Baron","Mr John Baron","member","Conservative","Conservative"
"Sir Kevin Barron","Sir Kevin Barron","member","Labour","Labour"
"Sir Henry Bellingham","Sir Henry Bellingham","member","Conservative","Conservative"
"Owen Smith","Owen Smith","member","Labour","Labour"
"Richard Benyon","Richard Benyon","member","Conservative","Conservative"
"Sir Paul Beresford","Sir Paul Beresford","member","Conservative","Conservative"
"Jake Berry","Jake Berry","member","Conservative","Conservative"
"Bob Blackman","Bob Blackman","member","Conservative","Conservative"
"Crispin Blunt","Crispin Blunt","member","Conservative","Conservative"
"Mr Peter Bone","Mr Peter Bone","member","Conservative","Conservative"
"Sir Peter Bottomley","Sir Peter Bottomley","member","Conservative","Conservative"
"Andrew Bowie","Andrew Bowie","member","Conservative","Conservative"
"Ben Bradley","Ben Bradley","member","Conservative","Conservative"
"Karen Bradley","Karen Bradley","member","Conservative","Conservative"
"Karin Smyth","Karin Smyth","member","Labour","Labour"
"Sir Graham Brady","Sir Graham Brady","member","Conservative","Conservative"
"Suella Braverman","Suella Braverman","member","Conservative","Conservative"
"Jack Brereton","Jack Brereton","member","Conservative","Conservative"
"Andrew Bridgen","Andrew Bridgen","member","Conservative","Conservative"
"James Brokenshire","James Brokenshire","member","Conservative","Conservative"
"Fiona Bruce","Fiona Bruce","member","Conservative","Conservative"
"Robert Buckland","Robert Buckland","member","Conservative","Conservative"
"Alex Burghart","Alex Burghart","member","Conservative","Conservative"
"Conor Burns","Conor Burns","member","Conservative","Conservative"
"Alistair Burt","Alistair Burt","member","Conservative","Conservative"
"Alex Sobel","Alex Sobel","member","Labour (Co-op)","Labour (Co-op)"
"Alun Cairns","Alun Cairns","member","Conservative","Conservative"
"Mr Gregory Campbell","Mr Gregory Campbell","member","Democratic Unionist Party","Democratic Unionist Party"
"Mr Ronnie Campbell","Mr Ronnie Campbell","member","Labour","Labour"
"James Cartlidge","James Cartlidge","member","Conservative","Conservative"
"Sir William Cash","Sir William Cash","member","Conservative","Conservative"
"Maria Caulfield","Maria Caulfield","member","Conservative","Conservative"
"Alex Chalk","Alex Chalk","member","Conservative","Conservative"
"Rehman Chishti","Rehman Chishti","member","Conservative","Conservative"
"Sir Christopher Chope","Sir Christopher Chope","member","Conservative","Conservative"
"Jo Churchill","Jo Churchill","member","Conservative","Conservative"
"Anna Soubry","Anna Soubry","member","Conservative","Conservative"
"Colin Clark","Colin Clark","member","Conservative","Conservative"
"Greg Clark","Greg Clark","member","Conservative","Conservative"
"Mr Simon Clarke","Mr Simon Clarke","member","Conservative","Conservative"
"James Cleverly","James Cleverly","member","Conservative","Conservative"
"Sir Geoffrey Clifton-Brown","Sir Geoffrey Clifton-Brown","member","Conservative","Conservative"
"Dr Thérèse Coffey","Dr Thérèse Coffey","member","Conservative","Conservative"
"Damian Collins","Damian Collins","member","Conservative","Conservative"
"Rosie Cooper","Rosie Cooper","member","Labour","Labour"
"Robert Courts","Robert Courts","member","Conservative","Conservative"
"Mr Geoffrey Cox","Mr Geoffrey Cox","member","Conservative","Conservative"
"John Spellar","John Spellar","member","Labour","Labour"
"Stephen Crabb","Stephen Crabb","member","Conservative","Conservative"
"Tracey Crouch","Tracey Crouch","member","Conservative","Conservative"
"Chris Davies","Chris Davies","member","Conservative","Conservative"
"David T. C. Davies","David T. C. Davies","member","Conservative","Conservative"
"Glyn Davies","Glyn Davies","member","Conservative","Conservative"
"Mims Davies","Mims Davies","member","Conservative","Conservative"
"Philip Davies","Philip Davies","member","Conservative","Conservative"
"Mr David Davis","Mr David Davis","member","Conservative","Conservative"
"Caroline Dinenage","Caroline Dinenage","member","Conservative","Conservative"
"Leo Docherty","Leo Docherty","member","Conservative","Conservative"
"Dame Caroline Spelman","Dame Caroline Spelman","member","Conservative","Conservative"
"Nigel Dodds","Nigel Dodds","member","Democratic Unionist Party","Democratic Unionist Party"
"Sir Jeffrey M. Donaldson","Sir Jeffrey M. Donaldson","member","Democratic Unionist Party","Democratic Unionist Party"
"Michelle Donelan","Michelle Donelan","member","Conservative","Conservative"
"Ms Nadine Dorries","Ms Nadine Dorries","member","Conservative","Conservative"
"Steve Double","Steve Double","member","Conservative","Conservative"
"Oliver Dowden","Oliver Dowden","member","Conservative","Conservative"
"Jackie Doyle-Price","Jackie Doyle-Price","member","Conservative","Conservative"
"Richard Drax","Richard Drax","member","Conservative","Conservative"
"James Duddridge","James Duddridge","member","Conservative","Conservative"
"David Duguid","David Duguid","member","Conservative","Conservative"
"Keir Starmer","Keir Starmer","member","Labour","Labour"
"Mr Iain Duncan Smith","Mr Iain Duncan Smith","member","Conservative","Conservative"
"Sir Alan Duncan","Sir Alan Duncan","member","Conservative","Conservative"
"Mr Philip Dunne","Mr Philip Dunne","member","Conservative","Conservative"
"Michael Ellis","Michael Ellis","member","Conservative","Conservative"
"Mr Tobias Ellwood","Mr Tobias Ellwood","member","Conservative","Conservative"
"Charlie Elphicke","Charlie Elphicke","member","Conservative","Conservative"
"George Eustice","George Eustice","member","Conservative","Conservative"
"Mr Nigel Evans","Mr Nigel Evans","member","Conservative","Conservative"
"Sir David Evennett","Sir David Evennett","member","Conservative","Conservative"
"Michael Fabricant","Michael Fabricant","member","Conservative","Conservative"
"Chris Stephens","Chris Stephens","member","Scottish National Party","Scottish National Party"
"Sir Michael Fallon","Sir Michael Fallon","member","Conservative","Conservative"
"Frank Field","Frank Field","member","Independent","Independent"
"Mark Field","Mark Field","member","Conservative","Conservative"
"Caroline Flint","Caroline Flint","member","Labour","Labour"
"Vicky Ford","Vicky Ford","member","Conservative","Conservative"
"Kevin Foster","Kevin Foster","member","Conservative","Conservative"
"Dr Liam Fox","Dr Liam Fox","member","Conservative","Conservative"
"Mr Mark Francois","Mr Mark Francois","member","Conservative","Conservative"
"Lucy Frazer","Lucy Frazer","member","Conservative","Conservative"
"Mike Freer","Mike Freer","member","Conservative","Conservative"
"Chi Onwurah","Chi Onwurah","member","Labour","Labour"
"Jo Stevens","Jo Stevens","member","Labour","Labour"
"Mr Marcus Fysh","Mr Marcus Fysh","member","Conservative","Conservative"
"Sir Roger Gale","Sir Roger Gale","member","Conservative","Conservative"
"Mark Garnier","Mark Garnier","member","Conservative","Conservative"
"Mr David Gauke","Mr David Gauke","member","Conservative","Conservative"
"Ms Nusrat Ghani","Ms Nusrat Ghani","member","Conservative","Conservative"
"Nick Gibb","Nick Gibb","member","Conservative","Conservative"
"Dame Cheryl Gillan","Dame Cheryl Gillan","member","Conservative","Conservative"
"Paul Girvan","Paul Girvan","member","Democratic Unionist Party","Democratic Unionist Party"
"John Glen","John Glen","member","Conservative","Conservative"
"Zac Goldsmith","Zac Goldsmith","member","Conservative","Conservative"
"Jamie Stone","Jamie Stone","member","Liberal Democrat","Liberal Democrat"
"Mr Robert Goodwill","Mr Robert Goodwill","member","Conservative","Conservative"
"Michael Gove","Michael Gove","member","Conservative","Conservative"
"Luke Graham","Luke Graham","member","Conservative","Conservative"
"Richard Graham","Richard Graham","member","Conservative","Conservative"
"Bill Grant","Bill Grant","member","Conservative","Conservative"
"Mrs Helen Grant","Mrs Helen Grant","member","Conservative","Conservative"
"James Gray","James Gray","member","Conservative","Conservative"
"Chris Grayling","Chris Grayling","member","Conservative","Conservative"
"Chris Green","Chris Green","member","Conservative","Conservative"
"Damian Green","Damian Green","member","Conservative","Conservative"
"Wes Streeting","Wes Streeting","member","Labour","Labour"
"Andrew Griffiths","Andrew Griffiths","member","Conservative","Conservative"
"Mr Paul Sweeney","Mr Paul Sweeney","member","Labour (Co-op)","Labour (Co-op)"
"Jo Swinson","Jo Swinson","member","Liberal Democrat","Liberal Democrat"
"Mark Tami","Mark Tami","member","Labour","Labour"
"Alison Thewliss","Alison Thewliss","member","Scottish National Party","Scottish National Party"
"Gareth Thomas","Gareth Thomas","member","Labour (Co-op)","Labour (Co-op)"
"Nick Thomas-Symonds","Nick Thomas-Symonds","member","Labour","Labour"
"Stephen Timms","Stephen Timms","member","Labour","Labour"
"Kate Osamor","Kate Osamor","member","Labour (Co-op)","Labour (Co-op)"
"Jon Trickett","Jon Trickett","member","Labour","Labour"
"Anna Turley","Anna Turley","member","Labour (Co-op)","Labour (Co-op)"
"Karl Turner","Karl Turner","member","Labour","Labour"
"Stephen Twigg","Stephen Twigg","member","Labour (Co-op)","Labour (Co-op)"
"Liz Twist","Liz Twist","member","Labour","Labour"
"Chuka Umunna","Chuka Umunna","member","Labour","Labour"
"Mr Edward Vaizey","Mr Edward Vaizey","member","Conservative","Conservative"
"Keith Vaz","Keith Vaz","member","Labour","Labour"
"Valerie Vaz","Valerie Vaz","member","Labour","Labour"
"Thelma Walker","Thelma Walker","member","Labour","Labour"
"Albert Owen","Albert Owen","member","Labour","Labour"
"Tom Watson","Tom Watson","member","Labour","Labour"
"Catherine West","Catherine West","member","Labour","Labour"
"Matt Western","Matt Western","member","Labour","Labour"
"Dr Alan Whitehead","Dr Alan Whitehead","member","Labour","Labour"
"Martin Whitfield","Martin Whitfield","member","Labour","Labour"
"Dr Philippa Whitford","Dr Philippa Whitford","member","Scottish National Party","Scottish National Party"
"Dr Paul Williams","Dr Paul Williams","member","Labour","Labour"
"Hywel Williams","Hywel Williams","member","Plaid Cymru","Plaid Cymru"
"Chris Williamson","Chris Williamson","member","Labour","Labour"
"Phil Wilson","Phil Wilson","member","Labour","Labour"
"Stephanie Peacock","Stephanie Peacock","member","Labour","Labour"
"Pete Wishart","Pete Wishart","member","Scottish National Party","Scottish National Party"
"Dr Sarah Wollaston","Dr Sarah Wollaston","member","Conservative","Conservative"
"John Woodcock","John Woodcock","member","Independent","Independent"
"Mohammad Yasin","Mohammad Yasin","member","Labour","Labour"
"Daniel Zeichner","Daniel Zeichner","member","Labour","Labour"
"Ms Diane Abbott","Ms Diane Abbott","member","Labour","Labour"
"Debbie Abrahams","Debbie Abrahams","member","Labour","Labour"
"Rushanara Ali","Rushanara Ali","member","Labour","Labour"
"Heidi Allen","Heidi Allen","member","Conservative","Conservative"
"Dr Rosena Allin-Khan","Dr Rosena Allin-Khan","member","Labour","Labour"
"Janet Daby","Janet Daby","member","Labour","Labour"
"Jared O'Mara","Jared O'Mara","member","Independent","Independent"
"Fiona Onasanya","Fiona Onasanya","member","Independent","Independent"
"Jeff Smith","Jeff Smith","member","Labour","Labour"
"Emily Thornberry","Emily Thornberry","member","Labour","Labour"
"Derek Twigg","Derek Twigg","member","Labour","Labour"
"Robert Neill","Robert Neill","member","Conservative","Conservative"
"John Stevenson","John Stevenson","member","Conservative","Conservative"
"Nadhim Zahawi","Nadhim Zahawi","member","Conservative","Conservative"
"Rebecca Harris","Rebecca Harris","member","Conservative","Conservative"
"Kelvin Hopkins","Kelvin Hopkins","member","Independent","Independent"
"Amanda Milling","Amanda Milling","member","Conservative","Conservative"
"Mr Andrew Mitchell","Mr Andrew Mitchell","member","Conservative","Conservative"
"Steve Brine","Steve Brine","member","Conservative","Conservative"
"Alberto Costa","Alberto Costa","member","Conservative","Conservative"
"John McDonnell","John McDonnell","member","Labour","Labour"
"Nick Smith","Nick Smith","member","Labour","Labour"
"Joseph Johnson","Joseph Johnson","member","Conservative","Conservative"
"Ruth Jones","Ruth Jones","member","Labour","Labour"
"3 Apr, more ind votes (Aye)","3 Apr, more ind votes (Aye)","voted.motion",NA,"Voted motion"
"3 Apr, more ind votes (No)","3 Apr, more ind votes (No)","voted.motion",NA,"Voted motion"
"No ND, ever (Aye)","No ND, ever (Aye)","voted.motion",NA,"Voted motion"
"No ND, ever (No)","No ND, ever (No)","voted.motion",NA,"Voted motion"
"No ND, Malthouse (Aye)","No ND, Malthouse (Aye)","voted.motion",NA,"Voted motion"
"No ND, Malthouse (No)","No ND, Malthouse (No)","voted.motion",NA,"Voted motion"
"Ind 1 (Aye)","Ind 1 (Aye)","voted.motion",NA,"Voted motion"
"Ind 1 (No)","Ind 1 (No)","voted.motion",NA,"Voted motion"
"Ind 2 (Aye)","Ind 2 (Aye)","voted.motion",NA,"Voted motion"
"Ind 2 (No)","Ind 2 (No)","voted.motion",NA,"Voted motion"
"3 Apr, (Cooper BofH) MPs ext (Aye)","3 Apr, (Cooper BofH) MPs ext (Aye)","voted.motion",NA,"Voted motion"
"3 Apr, (Cooper BofH) MPs ext (No)","3 Apr, (Cooper BofH) MPs ext (No)","voted.motion",NA,"Voted motion"
"Ext to 12 April (Aye)","Ext to 12 April (Aye)","voted.motion",NA,"Voted motion"
"Ext to 12 April (No)","Ext to 12 April (No)","voted.motion",NA,"Voted motion"
"29 Jan, Labour alts (Aye)","29 Jan, Labour alts (Aye)","voted.motion",NA,"Voted motion"
"29 Jan, Labour alts (No)","29 Jan, Labour alts (No)","voted.motion",NA,"Voted motion"
"29 Jan, ext + MPs plan if ND by 26/2 (Aye)","29 Jan, ext + MPs plan if ND by 26/2 (Aye)","voted.motion",NA,"Voted motion"
"29 Jan, ext + MPs plan if ND by 26/2 (No)","29 Jan, ext + MPs plan if ND by 26/2 (No)","voted.motion",NA,"Voted motion"
"29 Jan, MPs debate alts (Aye)","29 Jan, MPs debate alts (Aye)","voted.motion",NA,"Voted motion"
"29 Jan, MPs debate alts (No)","29 Jan, MPs debate alts (No)","voted.motion",NA,"Voted motion"
"29 Jan, no ND (Aye)","29 Jan, no ND (Aye)","voted.motion",NA,"Voted motion"
"29 Jan, no ND (No)","29 Jan, no ND (No)","voted.motion",NA,"Voted motion"
"29 Jan, ext if ND by 26/2 (Aye)","29 Jan, ext if ND by 26/2 (Aye)","voted.motion",NA,"Voted motion"
"29 Jan, ext if ND by 26/2 (No)","29 Jan, ext if ND by 26/2 (No)","voted.motion",NA,"Voted motion"
"29 Jan, b'stop alt. arr'ments (Aye)","29 Jan, b'stop alt. arr'ments (Aye)","voted.motion",NA,"Voted motion"
"29 Jan, b'stop alt. arr'ments (No)","29 Jan, b'stop alt. arr'ments (No)","voted.motion",NA,"Voted motion"
"29 Jan, ext and no ND (Aye)","29 Jan, ext and no ND (Aye)","voted.motion",NA,"Voted motion"
"29 Jan, ext and no ND (No)","29 Jan, ext and no ND (No)","voted.motion",NA,"Voted motion"
"3 Apr, ext limited to 22/5 (Aye)","3 Apr, ext limited to 22/5 (Aye)","voted.motion",NA,"Voted motion"
"3 Apr, ext limited to 22/5 (No)","3 Apr, ext limited to 22/5 (No)","voted.motion",NA,"Voted motion"
"3 Apr, no vote on other ext'n (Aye)","3 Apr, no vote on other ext'n (Aye)","voted.motion",NA,"Voted motion"
"3 Apr, no vote on other ext'n (No)","3 Apr, no vote on other ext'n (No)","voted.motion",NA,"Voted motion"
"3 Apr, Gvt, Brex Sec free (Aye)","3 Apr, Gvt, Brex Sec free (Aye)","voted.motion",NA,"Voted motion"
"3 Apr, Gvt, Brex Sec free (No)","3 Apr, Gvt, Brex Sec free (No)","voted.motion",NA,"Voted motion"
"3 Apr (Cooper main) (Aye)","3 Apr (Cooper main) (Aye)","voted.motion",NA,"Voted motion"
"3 Apr (Cooper main) (No)","3 Apr (Cooper main) (No)","voted.motion",NA,"Voted motion"
"MV 1, term. b'stop (Aye)","MV 1, term. b'stop (Aye)","voted.motion",NA,"Voted motion"
"MV 1, term. b'stop (No)","MV 1, term. b'stop (No)","voted.motion",NA,"Voted motion"
"MV 1 (Aye)","MV 1 (Aye)","voted.motion",NA,"Voted motion"
"MV 1 (No)","MV 1 (No)","voted.motion",NA,"Voted motion"
"Stmt, ind votes (Aye)","Stmt, ind votes (Aye)","voted.motion",NA,"Voted motion"
"Stmt, ind votes (No)","Stmt, ind votes (No)","voted.motion",NA,"Voted motion"
"Stmt, MPs vote ext (Aye)","Stmt, MPs vote ext (Aye)","voted.motion",NA,"Voted motion"
"Stmt, MPs vote ext (No)","Stmt, MPs vote ext (No)","voted.motion",NA,"Voted motion"
"Stmt, amdd w/ind votes (Aye)","Stmt, amdd w/ind votes (Aye)","voted.motion",NA,"Voted motion"
"Stmt, amdd w/ind votes (No)","Stmt, amdd w/ind votes (No)","voted.motion",NA,"Voted motion"
"Ind 1, EFTA and EEA (Aye)","Ind 1, EFTA and EEA (Aye)","voted.motion",NA,"Voted motion"
"Ind 1, EFTA and EEA (No)","Ind 1, EFTA and EEA (No)","voted.motion",NA,"Voted motion"
"Ind 1, Labour alt (Aye)","Ind 1, Labour alt (Aye)","voted.motion",NA,"Voted motion"
"Ind 1, Labour alt (No)","Ind 1, Labour alt (No)","voted.motion",NA,"Voted motion"
"Ind 2, Parl. decide (Aye)","Ind 2, Parl. decide (Aye)","voted.motion",NA,"Voted motion"
"Ind 2, Parl. decide (No)","Ind 2, Parl. decide (No)","voted.motion",NA,"Voted motion"
"Ind 1, Revoke if ND (Aye)","Ind 1, Revoke if ND (Aye)","voted.motion",NA,"Voted motion"
"Ind 1, Revoke if ND (No)","Ind 1, Revoke if ND (No)","voted.motion",NA,"Voted motion"
"No ND, amdd (Aye)","No ND, amdd (Aye)","voted.motion",NA,"Voted motion"
"No ND, amdd (No)","No ND, amdd (No)","voted.motion",NA,"Voted motion"
"Ind 1, Conf pub vote (Aye)","Ind 1, Conf pub vote (Aye)","voted.motion",NA,"Voted motion"
"Ind 1, Conf pub vote (No)","Ind 1, Conf pub vote (No)","voted.motion",NA,"Voted motion"
"Ext to 30 June (Aye)","Ext to 30 June (Aye)","voted.motion",NA,"Voted motion"
"Ext to 30 June (No)","Ext to 30 June (No)","voted.motion",NA,"Voted motion"
"Ind 1, ND (Aye)","Ind 1, ND (Aye)","voted.motion",NA,"Voted motion"
"Ind 1, ND (No)","Ind 1, ND (No)","voted.motion",NA,"Voted motion"
"Ind 2, Customs U (Aye)","Ind 2, Customs U (Aye)","voted.motion",NA,"Voted motion"
"Ind 2, Customs U (No)","Ind 2, Customs U (No)","voted.motion",NA,"Voted motion"
"Ind 1, Customs U (Aye)","Ind 1, Customs U (Aye)","voted.motion",NA,"Voted motion"
"Ind 1, Customs U (No)","Ind 1, Customs U (No)","voted.motion",NA,"Voted motion"
"Ind 1, Cont pref arr (Aye)","Ind 1, Cont pref arr (Aye)","voted.motion",NA,"Voted motion"
"Ind 1, Cont pref arr (No)","Ind 1, Cont pref arr (No)","voted.motion",NA,"Voted motion"
"Ind 1, C Mkt 2.0 (Aye)","Ind 1, C Mkt 2.0 (Aye)","voted.motion",NA,"Voted motion"
"Ind 1, C Mkt 2.0 (No)","Ind 1, C Mkt 2.0 (No)","voted.motion",NA,"Voted motion"
"Ind 2, C Mkt 2.0 (Aye)","Ind 2, C Mkt 2.0 (Aye)","voted.motion",NA,"Voted motion"
"Ind 2, C Mkt 2.0 (No)","Ind 2, C Mkt 2.0 (No)","voted.motion",NA,"Voted motion"
"No conf (Aye)","No conf (Aye)","voted.motion",NA,"Voted motion"
"No conf (No)","No conf (No)","voted.motion",NA,"Voted motion"
"Ind 2, Conf pub vote (Aye)","Ind 2, Conf pub vote (Aye)","voted.motion",NA,"Voted motion"
"Ind 2, Conf pub vote (No)","Ind 2, Conf pub vote (No)","voted.motion",NA,"Voted motion"
"MV 2 (Aye)","MV 2 (Aye)","voted.motion",NA,"Voted motion"
"MV 2 (No)","MV 2 (No)","voted.motion",NA,"Voted motion"
"14 Feb, Ack (Aye)","14 Feb, Ack (Aye)","voted.motion",NA,"Voted motion"
"14 Feb, Ack (No)","14 Feb, Ack (No)","voted.motion",NA,"Voted motion"
"27 Feb, no ND, even if ext'n (Aye)","27 Feb, no ND, even if ext'n (Aye)","voted.motion",NA,"Voted motion"
"27 Feb, no ND, even if ext'n (No)","27 Feb, no ND, even if ext'n (No)","voted.motion",NA,"Voted motion"
"14 Feb, delay by 3 mth (Aye)","14 Feb, delay by 3 mth (Aye)","voted.motion",NA,"Voted motion"
"14 Feb, delay by 3 mth (No)","14 Feb, delay by 3 mth (No)","voted.motion",NA,"Voted motion"
"14 Feb, MPs decide if ND by 27/2 (Aye)","14 Feb, MPs decide if ND by 27/2 (Aye)","voted.motion",NA,"Voted motion"
"14 Feb, MPs decide if ND by 27/2 (No)","14 Feb, MPs decide if ND by 27/2 (No)","voted.motion",NA,"Voted motion"
"27 Feb, Cust U + s.mkt alig (Aye)","27 Feb, Cust U + s.mkt alig (Aye)","voted.motion",NA,"Voted motion"
"27 Feb, Cust U + s.mkt alig (No)","27 Feb, Cust U + s.mkt alig (No)","voted.motion",NA,"Voted motion"
"14 Mar, MPs solve (Aye)","14 Mar, MPs solve (Aye)","voted.motion",NA,"Voted motion"
"14 Mar, MPs solve (No)","14 Mar, MPs solve (No)","voted.motion",NA,"Voted motion"
"14 Mar, ext if WA approved (Aye)","14 Mar, ext if WA approved (Aye)","voted.motion",NA,"Voted motion"
"14 Mar, ext if WA approved (No)","14 Mar, ext if WA approved (No)","voted.motion",NA,"Voted motion"
"27 Feb, no ND ever (Aye)","27 Feb, no ND ever (Aye)","voted.motion",NA,"Voted motion"
"27 Feb, no ND ever (No)","27 Feb, no ND ever (No)","voted.motion",NA,"Voted motion"
"14 Mar, MPs debate (Aye)","14 Mar, MPs debate (Aye)","voted.motion",NA,"Voted motion"
"14 Mar, MPs debate (No)","14 Mar, MPs debate (No)","voted.motion",NA,"Voted motion"
"14 Mar, limit MPs' debate (Aye)","14 Mar, limit MPs' debate (Aye)","voted.motion",NA,"Voted motion"
"14 Mar, limit MPs' debate (No)","14 Mar, limit MPs' debate (No)","voted.motion",NA,"Voted motion"
"14 Mar, 2nd ref'm (Aye)","14 Mar, 2nd ref'm (Aye)","voted.motion",NA,"Voted motion"
"14 Mar, 2nd ref'm (No)","14 Mar, 2nd ref'm (No)","voted.motion",NA,"Voted motion"
"MV 2.5 (Aye)","MV 2.5 (Aye)","voted.motion",NA,"Voted motion"
"MV 2.5 (No)","MV 2.5 (No)","voted.motion",NA,"Voted motion"
